_date,total_clones,unique_clones
2026-08-19,10,10
2026-08-20,16,5
2026-08-21,4,3
2026-08-22,0,0
2026-08-23,8,7
2026-08-24,6,3
2026-08-25,6,4
2026-08-26,7,7
2026-08-27,1,1
2026-08-28,1,1
2026-08-29,3,2
2026-08-30,0,0
2026-08-31,1,1
2026-09-01,2,1
2026-09-02,0,0
2026-09-03,20,13
2026-09-04,12,9
2026-09-05,4,4
2026-09-06,3,2
2026-09-07,7,5
2026-09-08,7,5
2026-09-09,10,7
2026-09-10,3,3
2026-09-11,3,3
2026-09-12,12,7
2026-09-13,9,3
2026-09-14,6,5
2026-09-15,11,7
2026-09-16,13,3
2026-09-17,25,10
2026-09-18,5,5
2026-09-19,2,2
