_date,total_views,unique_views
2026-08-19,15,10
2026-08-20,8,6
2026-08-21,12,8
2026-08-22,13,4
2026-08-23,8,4
2026-08-24,12,4
2026-08-25,16,12
2026-08-26,21,8
2026-08-27,9,4
2026-08-28,17,7
2026-08-29,3,2
2026-08-30,2,2
2026-08-31,25,12
2026-09-01,23,10
2026-09-02,19,8
2026-09-03,468,248
2026-09-04,114,65
2026-09-05,97,62
2026-09-06,86,53
2026-09-07,93,52
2026-09-08,92,37
2026-09-09,87,27
2026-09-10,71,21
2026-09-11,32,14
2026-09-12,8,8
2026-09-13,7,5
2026-09-14,58,13
2026-09-15,66,21
2026-09-16,76,19
2026-09-17,131,30
2026-09-18,40,14
2026-09-19,12,8
2026-09-20,9,6
2026-09-21,16,11
2026-09-22,34,13
2026-09-23,29,16
2026-09-24,16,9
2026-09-25,15,2
2026-09-26,1,1
2026-09-27,9,7
2026-09-28,25,11
2026-09-29,43,7
2026-09-30,68,18
2026-10-01,42,14
2026-10-02,25,10
2026-10-03,4,4
